accuracy,f1,precision,recall,roc_auc
0.9992742580028111,0.9995473024382634,0.9991166336358926,0.9999783426799532,0.9999988124903907
