train_accuracy,train_f1,train_precision,train_recall,train_roc_auc
0.9993538746088032,0.999597056154649,0.9992214588467664,0.9999729359352194,0.9999988029757952
